Африкански,Africa
Африканска,Africa
Африканско,Africa
Американски,America
Американска,America
Американско,America
Антарктически,Antarctica
Антарктическа,Antarctica
Антарктическо,Antarctica
Азиатски,Asia
Азиатска,Asia
Азиатско,Asia
Австралийски,Australia
Австралийска,Australia
Австралийско,Australia
Европейски,Europe
Европейска,Europe
Европейско,Europe
Средиземноморски,Mediterranean
Средиземноморска,Mediterranean
Средиземноморско,Mediterranean
Северно Американски,North_America
Северно Американска,North_America
Северно Американско,North_America
Скандинавски,Scandinavia
Скандинавска,Scandinavia
Скандинавско,Scandinavia
Южно Американски,South_America
Южно Американска,South_America
Южно Американско,South_America
Световен,World
Световна,World
Световно,World