AL,STATENAME.Alabama
Alabama,STATENAME.Alabama
AK,STATENAME.Alaska
Alaska,STATENAME.Alaska
AZ,STATENAME.Arizona
Arizona,STATENAME.Arizona
AR,STATENAME.Arkansas
Arkansas,STATENAME.Arkansas
CA,STATENAME.California
California,STATENAME.California
CO,STATENAME.Colorado
Colorado,STATENAME.Colorado
CT,STATENAME.Connecticut
Connecticut,STATENAME.Connecticut
DE,STATENAME.Delaware
Delaware,STATENAME.Delaware
District Of Columbia,STATENAME.District_Of_Columbia
DC,STATENAME.District_Of_Columbia
FL,STATENAME.Florida
Florida,STATENAME.Florida
GA,STATENAME.Georgia
Georgia,STATENAME.Georgia
HI,STATENAME.Hawaii
Hawaii,STATENAME.Hawaii
ID,STATENAME.Idaho
Idaho,STATENAME.Idaho
IL,STATENAME.Illinois
Illinois,STATENAME.Illinois
IN,STATENAME.Indiana
Indiana,STATENAME.Indiana
IA,STATENAME.Iowa
Iowa,STATENAME.Iowa
KS,STATENAME.Kansas
Kansas,STATENAME.Kansas
KY,STATENAME.Kentucky
Kentucky,STATENAME.Kentucky
LA,STATENAME.Louisiana
Louisiana,STATENAME.Louisiana
ME,STATENAME.Maine
Maine,STATENAME.Maine
MD,STATENAME.Maryland
Maryland,STATENAME.Maryland
MA,STATENAME.Massachusetts
Massachusetts,STATENAME.Massachusetts
MI,STATENAME.Michigan
Michigan,STATENAME.Michigan
MN,STATENAME.Minnesota
Minnesota,STATENAME.Minnesota
MS,STATENAME.Mississippi
Mississippi,STATENAME.Mississippi
MO,STATENAME.Missouri
Missouri,STATENAME.Missouri
MT,STATENAME.Montana
Montana,STATENAME.Montana
NE,STATENAME.Nebraska
Nebraska,STATENAME.Nebraska
NV,STATENAME.Nevada
Nevada,STATENAME.Nevada
NH,STATENAME.New_Hampshire
New Hampshire,STATENAME.New_Hampshire
NJ,STATENAME.New_Jersey
New Jersey,STATENAME.New_Jersey
NM,STATENAME.New_Mexico
New Mexico,STATENAME.New_Mexico
NY,STATENAME.New_York
New York,STATENAME.New_York
NC,STATENAME.North_Carolina
North Carolina,STATENAME.North_Carolina
ND,STATENAME.North_Dakota
North Dakota,STATENAME.North_Dakota
OH,STATENAME.Ohio
Ohio,STATENAME.Ohio
OK,STATENAME.Oklahoma
Oklahoma,STATENAME.Oklahoma
OR,STATENAME.Oregon
Oregon,STATENAME.Oregon
PA,STATENAME.Pennsylvania
Pennsylvania,STATENAME.Pennsylvania
RI,STATENAME.Rhode_Island
Rhode Island,STATENAME.Rhode_Island
SC,STATENAME.South_Carolina
South Carolina,STATENAME.South_Carolina
SD,STATENAME.South_Dakota
South Dakota,STATENAME.South_Dakota
TN,STATENAME.Tennessee
Tennessee,STATENAME.Tennessee
TX,STATENAME.Texas
Texas,STATENAME.Texas
UT,STATENAME.Utah
Utah,STATENAME.Utah
VT,STATENAME.Vermont
Vermont,STATENAME.Vermont
VA,STATENAME.Virginia
Virginia,STATENAME.Virginia
WA,STATENAME.Washington
Washington,STATENAME.Washington
WV,STATENAME.West_Virginia
West Virginia,STATENAME.West_Virginia
WI,STATENAME.Wisconsin
Wisconsin,STATENAME.Wisconsin
WY,STATENAME.Wyoming
Wyoming,STATENAME.Wyoming
